Column1,Sample,Timepoint,Delivery,Diet,Kati_Allo
1.0.N.B.M1,1,1,N,B,0
1.0.N.B.M3,1,3,N,B,0
1.0.N.F.M12,1,12,N,F,0
1.0.N.F.M24,1,24,N,F,0
2.1.C.B.M1,2,1,C,B,1
2.1.C.B.M3,2,3,C,B,1
2.1.C.BF.M7,2,7,C,BF,1
3.1.N.B.M1,3,1,N,B,1
3.1.N.B.M3,3,3,N,B,1
3.1.N.F.M7,3,7,N,F,1
3.1.N.F.M12,3,12,N,F,1
4.1.C.B.M1,4,1,C,B,1
4.1.C.B.M3,4,3,C,B,1
4.1.C.F.M12,4,12,C,F,1
4.1.C.F.M24,4,24,C,F,1
8.0.N.B.M1,8,1,N,B,0
8.0.N.B.M3,8,3,N,B,0
8.0.N.F.M7,8,7,N,F,0
8.0.N.F.M12,8,12,N,F,0
8.0.N.F.M24,8,24,N,F,0
11.1.C.B.M1,11,1,C,B,1
11.1.C.B.M3,11,3,C,B,1
11.1.C.B.M7,11,7,C,B,1
11.1.C.B.M24,11,24,C,B,1
11.1,11,ot,C,B,1
11.3,11,ot,C,B,3
11.12,11,ot,C,B,12
11.7,11,ot,C,B,7
11.5,11,5,C,B,5
11.9,11,9,C,B,9
12.0.C.B.M1,12,1,C,B,0
12.0.C.B.M3,12,3,C,B,0
12.0.C.B.M7,12,7,C,B,0
12.0.C.F.M12,12,12,C,F,0
12.0.C.F.M24,12,24,C,F,0
12.5,12,5,C,B,5
12.7,12,ot,C,B,7
12.12,12,ot,C,F,12
12.3,12,ot,C,B,3
12.1,12,ot,C,B,1
12.9,12,9,C,B,9
13.1.N.B.M1,13,1,N,B,1
13.1.N.BF.M3,13,3,N,BF,1
13.1.N.F.M7,13,7,N,F,1
13.1.N.F.M12,13,12,N,F,1
13.1.N.F.M24,13,24,N,F,1
14.1.N.BF.M1,14,1,N,BF,1
14.1.N.BF.M3,14,3,N,BF,1
14.1.N.F.M7,14,7,N,F,1
14.1.N.F.M12,14,12,N,F,1
15.1.N.B.M1,15,1,N,B,1
15.1.N.B.M3,15,3,N,B,1
15.1.N.BF.M7,15,7,N,BF,1
15.1.N.F.M12,15,12,N,F,1
16.0.N.B.M1,16,1,N,B,0
16.0.N.B.M3,16,3,N,B,0
16.0.N.B.M7,16,7,N,B,0
16.0.N.F.M12,16,12,N,F,0
16.0.N.F.M24,16,24,N,F,0
16.1,16,ot,N,B,1
16.3,16,ot,N,B,3
16.9,16,9,N,B,9
16.5,16,5,N,B,5
16.7,16,ot,N,B,7
18.0.N.B.M1,18,1,N,B,0
18.0.N.B.M3,18,3,N,B,0
18.0.N.F.M7,18,7,N,F,0
18.0.N.F.M12,18,12,N,F,0
19.1.N.B.M1,19,1,N,B,1
19.1.N.B.M3,19,3,N,B,1
19.1.N.BF.M7,19,7,N,BF,1
19.1.N.F.M12,19,12,N,F,1
19.1.N.F.M24,19,24,N,F,1
20.1.N.B.M1,20,1,N,B,1
20.1.N.F.M3,20,3,N,F,1
20.1.N.F.M7,20,7,N,F,1
20.1.N.F.M12,20,12,N,F,1
20.1.N.F.M24,20,24,N,F,1
23.0.C.F.M3,23,3,C,F,0
23.0.C.F.M7,23,7,C,F,0
23.0.C.F.M12,23,12,C,F,0
23.0.C.F.M24,23,24,C,F,0
23.3,23,ot,C,F,3
23.5,23,5,C,F,5
23.7,23,ot,C,F,7
23.9,23,9,C,F,9
23.1,23,ot,C,F,1
23.12,23,ot,C,F,12
24.0.N.F.M1,24,1,N,F,0
24.0.N.F.M3,24,3,N,F,0
24.0.N.F.M7,24,7,N,F,0
24.0.N.F.M12,24,12,N,F,0
24.3,24,ot,N,F,3
24.12,24,ot,N,F,12
24.7,24,ot,N,F,7
24.1,24,ot,N,F,1
24.5,24,5,N,F,5
25.1.N.F.M1,25,1,N,F,1
25.1.N.F.M3,25,3,N,F,1
25.1.N.F.M7,25,7,N,F,1
25.1.N.F.M12,25,12,N,F,1
25.1.N.F.M24,25,24,N,F,1
25.12,25,ot,N,F,12
25.5,25,5,N,F,5
25.1,25,ot,N,F,1
25.9,25,9,N,F,9
25.3,25,ot,N,F,3
25.7,25,ot,N,F,7
26.0.C.BF.M1,26,1,C,BF,0
26.0.C.BF.M3,26,3,C,BF,0
26.0.C.F.M7,26,7,C,F,0
26.0.C.F.M12,26,12,C,F,0
27.0.C.F.M1,27,1,C,F,0
27.0.C.F.M3,27,3,C,F,0
27.0.C.F.M7,27,7,C,F,0
27.0.C.F.M12,27,12,C,F,0
27.0.C.F.M24,27,24,C,F,0
27.1,27,ot,C,F,1
27.12,27,ot,C,F,12
27.9,27,9,C,F,9
27.3,27,ot,C,F,3
27.7,27,ot,C,F,7
27.5,27,5,C,F,5
28.1.N.F.M1,28,1,N,F,1
28.1.N.BF.M3,28,3,N,BF,1
28.1.N.F.M12,28,12,N,F,1
28.1.N.F.M24,28,24,N,F,1
29.0.C.F.M1,29,1,C,F,0
29.0.C.F.M3,29,3,C,F,0
29.0.C.F.M7,29,7,C,F,0
29.0.C.F.M12,29,12,C,F,0
29.0.C.F.M24,29,24,C,F,0
29.5,29,5,C,F,5
29.3,29,ot,C,F,3
29.1,29,ot,C,F,1
29.12,29,ot,C,F,12
29.7,29,ot,C,F,7
29.9,29,9,C,F,9
30.0.N.F.M1,30,1,N,F,0
30.0.N.F.M3,30,3,N,F,0
30.0.N.F.M7,30,7,N,F,0
30.0.N.F.M12,30,12,N,F,0
30.7,30,ot,N,F,7
30.5,30,5,N,F,5
30.3,30,ot,N,F,3
30.1,30,ot,N,F,1
30.12,30,ot,N,F,12
30.9,30,9,N,F,9
31.1.C.B.M1,31,1,C,B,1
31.1.C.B.M3,31,3,C,B,1
31.1.C.B.M7,31,7,C,B,1
31.1.C.B.M12,31,12,C,B,1
31.1.C.B.M24,31,24,C,B,1
31.12,31,ot,C,B,12
31.1,31,ot,C,B,1
31.9,31,9,C,B,9
31.7,31,ot,C,B,7
31.3,31,ot,C,B,3
31.5,31,5,C,B,5
33.0.C.B.M1,33,1,C,B,0
33.0.C.B.M3,33,3,C,B,0
33.0.C.F.M12,33,12,C,F,0
33.0.C.F.M24,33,24,C,F,0
34.0.N.B.M1,34,1,N,B,0
34.0.N.B.M3,34,3,N,B,0
34.0.N.B.M7,34,7,N,B,0
34.0.N.B.M12,34,12,N,B,0
34.0.N.B.M24,34,24,N,B,0
34.12,34,ot,N,B,12
34.7,34,ot,N,B,7
34.5,34,5,N,B,5
34.3,34,ot,N,B,3
34.1,34,ot,N,B,1
34.9,34,9,N,B,9
36.1.C.F.M1,36,1,C,F,1
36.1.C.F.M3,36,3,C,F,1
36.1.C.F.M7,36,7,C,F,1
36.1.C.F.M12,36,12,C,F,1
36.1.C.F.M24,36,24,C,F,1
36.9,36,9,C,F,9
36.1,36,ot,C,F,1
36.7,36,ot,C,F,7
36.12,36,ot,C,F,12
36.3,36,ot,C,F,3
36.5,36,5,C,F,5
37.0.N.B.M1,37,1,N,B,0
37.0.N.B.M3,37,3,N,B,0
37.0.N.BF.M7,37,7,N,BF,0
37.0.N.F.M12,37,12,N,F,0
37.0.N.F.M24,37,24,N,F,0
38.0.N.BF.M3,38,3,N,BF,0
38.0.N.F.M7,38,7,N,F,0
38.0.N.F.M12,38,12,N,F,0
38.0.N.F.M24,38,24,N,F,0
39.1.C.F.M1,39,1,C,F,1
39.1.C.F.M3,39,3,C,F,1
39.1.C.F.M7,39,7,C,F,1
39.1.C.F.M12,39,12,C,F,1
39.9,39,9,C,F,9
39.12,39,ot,C,F,12
39.1,39,ot,C,F,1
39.3,39,ot,C,F,3
39.5,39,5,C,F,5
39.7,39,ot,C,F,7
40.1.C.B.M1,40,1,C,B,1
40.1.C.BF.M3,40,3,C,BF,1
40.1.C.F.M7,40,7,C,F,1
40.1.C.F.M12,40,12,C,F,1
40.1.C.F.M24,40,24,C,F,1
41.1.N.B.M1,41,1,N,B,1
41.1.N.B.M3,41,3,N,B,1
41.1.N.BF.M7,41,7,N,BF,1
41.1.N.BF.M12,41,12,N,BF,1
41.1.N.BF.M24,41,24,N,BF,1
42.0.N.B.M1,42,1,N,B,0
42.0.N.B.M3,42,3,N,B,0
42.0.N.BF.M7,42,7,N,BF,0
42.0.N.F.M12,42,12,N,F,0
42.0.N.F.M24,42,24,N,F,0
43.1.C.F.M1,43,1,C,F,1
43.1.C.F.M3,43,3,C,F,1
43.1.C.F.M7,43,7,C,F,1
43.1.C.F.M12,43,12,C,F,1
43.1.C.F.M24,43,24,C,F,1
43.7,43,ot,C,F,7
43.9,43,9,C,F,9
43.5,43,5,C,F,5
43.1,43,ot,C,F,1
43.12,43,ot,C,F,12
43.3,43,ot,C,F,3
44.1.N.F.M1,44,1,N,F,1
44.1.N.F.M3,44,3,N,F,1
44.1.N.F.M7,44,7,N,F,1
44.1.N.F.M12,44,12,N,F,1
44.1.N.F.M24,44,24,N,F,1
44.7,44,ot,N,F,7
44.9,44,9,N,F,9
44.5,44,5,N,F,5
44.12,44,ot,N,F,12
44.1,44,ot,N,F,1
44.3,44,ot,N,F,3
45.0.N.B.M1,45,1,N,B,0
45.0.N.B.M3,45,3,N,B,0
45.0.N.B.M7,45,7,N,B,0
45.0.N.F.M12,45,12,N,F,0
45.0.N.F.M24,45,24,N,F,0
45.7,45,ot,N,B,7
45.12,45,ot,N,F,12
45.1,45,ot,N,B,1
45.3,45,ot,N,B,3
45.5,45,5,N,B,5
46.1.N.F.M1,46,1,N,F,1
46.1.N.F.M3,46,3,N,F,1
46.1.N.F.M7,46,7,N,F,1
46.1.N.F.M12,46,12,N,F,1
46.1.N.F.M24,46,24,N,F,1
46.1,46,ot,N,F,1
46.3,46,ot,N,F,3
46.12,46,ot,N,F,12
46.5,46,5,N,F,5
46.7,46,ot,N,F,7
46.9,46,9,N,F,9
47.0.N.B.M1,47,1,N,B,0
47.0.N.B.M3,47,3,N,B,0
47.0.N.F.M7,47,7,N,F,0
47.0.N.F.M12,47,12,N,F,0
48.0.C.B.M1,48,1,C,B,0
48.0.C.B.M3,48,3,C,B,0
48.0.C.BF.M7,48,7,C,BF,0
48.0.C.F.M12,48,12,C,F,0
48.0.C.F.M24,48,24,C,F,0
49.0.N.BF.M1,49,1,N,BF,0
49.0.N.BF.M3,49,3,N,BF,0
49.0.N.F.M7,49,7,N,F,0
49.0.N.F.M12,49,12,N,F,0
49.0.N.F.M24,49,24,N,F,0
52.0.N.BF.M1,52,1,N,BF,0
52.0.N.B.M3,52,3,N,B,0
52.0.N.BF.M7,52,7,N,BF,0
52.0.N.F.M12,52,12,N,F,0
53.1.N.BF.M1,53,1,N,BF,1
53.1.N.BF.M3,53,3,N,BF,1
53.1.N.B.M7,53,7,N,B,1
53.1.N.F.M12,53,12,N,F,1
54.1.N.B.M1,54,1,N,B,1
54.1.N.F.M3,54,3,N,F,1
54.1.N.F.M7,54,7,N,F,1
54.1.N.F.M12,54,12,N,F,1
54.1.N.F.M24,54,24,N,F,1
55.0.N.B.M1,55,1,N,B,0
55.0.N.B.M3,55,3,N,B,0
55.0.N.F.M7,55,7,N,F,0
55.0.N.F.M12,55,12,N,F,0
56.1.N.B.M1,56,1,N,B,1
56.1.N.F.M3,56,3,N,F,1
56.1.N.F.M7,56,7,N,F,1
56.1.N.F.M12,56,12,N,F,1
56.1.N.F.M24,56,24,N,F,1
58.1.C.B.M1,58,1,C,B,1
58.1.C.BF.M3,58,3,C,BF,1
58.1.C.F.M7,58,7,C,F,1
58.1.C.F.M12,58,12,C,F,1
59.1.N.B.M1,59,1,N,B,1
59.1.N.B.M3,59,3,N,B,1
59.1.N.B.M7,59,7,N,B,1
59.1.N.F.M12,59,12,N,F,1
59.1,59,ot,N,B,1
59.5,59,5,N,B,5
59.9,59,9,N,B,9
59.12,59,ot,N,F,12
59.3,59,ot,N,B,3
59.7,59,ot,N,B,7
60.0.C.B.M1,60,1,C,B,0
60.0.C.B.M3,60,3,C,B,0
60.0.C.B.M7,60,7,C,B,0
60.0.C.F.M12,60,12,C,F,0
60.0.C.F.M24,60,24,C,F,0
60.7,60,ot,C,B,7
60.3,60,ot,C,B,3
60.9,60,9,C,B,9
60.5,60,5,C,B,5
60.1,60,ot,C,B,1
60.12,60,ot,C,F,12
61.0.N.BF.M1,61,1,N,BF,0
61.0.N.BF.M3,61,3,N,BF,0
61.0.N.F.M7,61,7,N,F,0
61.0.N.F.M12,61,12,N,F,0
61.0.N.F.M24,61,24,N,F,0
62.1.C.F.M1,62,1,C,F,1
62.1.C.F.M3,62,3,C,F,1
62.1.C.F.M7,62,7,C,F,1
62.1.C.F.M12,62,12,C,F,1
62.5,62,5,C,F,5
62.9,62,9,C,F,9
62.7,62,ot,C,F,7
62.3,62,ot,C,F,3
62.12,62,ot,C,F,12
62.1,62,ot,C,F,1
63.0.N.B.M1,63,1,N,B,0
63.0.N.B.M3,63,3,N,B,0
63.0.N.B.M7,63,7,N,B,0
63.0.N.F.M12,63,12,N,F,0
63.0.N.F.M24,63,24,N,F,0
63.12,63,ot,N,F,12
63.7,63,ot,N,B,7
63.1,63,ot,N,B,1
63.5,63,5,N,B,5
63.3,63,ot,N,B,3
64.0.N.F.M1,64,1,N,F,0
64.0.N.F.M3,64,3,N,F,0
64.0.N.F.M12,64,12,N,F,0
64.0.N.F.M24,64,24,N,F,0
64.3,64,ot,N,F,3
64.12,64,ot,N,F,12
64.5,64,5,N,F,5
64.7,64,ot,N,F,7
64.9,64,9,N,F,9
64.1,64,ot,N,F,1
65.1.N.B.M1,65,1,N,B,1
65.1.N.F.M3,65,3,N,F,1
65.1.N.F.M7,65,7,N,F,1
65.1.N.F.M12,65,12,N,F,1
65.1.N.F.M24,65,24,N,F,1
66.0.C.B.M3,66,3,C,B,0
66.0.C.B.M7,66,7,C,B,0
66.0.C.B.M12,66,12,C,B,0
66.1,66,ot,C,B,1
66.3,66,ot,C,B,3
66.7,66,ot,C,B,7
66.12,66,ot,C,B,12
66.5,66,5,C,B,5
67.0.N.B.M1,67,1,N,B,0
67.0.N.B.M3,67,3,N,B,0
67.0.N.F.M7,67,7,N,F,0
67.0.N.F.M12,67,12,N,F,0
68.1.N.B.M1,68,1,N,B,1
68.1.N.BF.M3,68,3,N,BF,1
68.1.N.F.M7,68,7,N,F,1
68.1.N.F.M12,68,12,N,F,1
68.1.N.F.M24,68,24,N,F,1
70.1.N.B.M1,70,1,N,B,1
70.1.N.B.M3,70,3,N,B,1
70.1.N.BF.M7,70,7,N,BF,1
70.1.N.F.M12,70,12,N,F,1
70.1.N.F.M24,70,24,N,F,1
71.0.C.F.M3,71,3,C,F,0
71.0.C.F.M7,71,7,C,F,0
71.0.C.F.M12,71,12,C,F,0
71.0.C.F.M24,71,24,C,F,0
71.5,71,5,C,F,5
71.9,71,9,C,F,9
71.7,71,ot,C,F,7
71.12,71,ot,C,F,12
71.3,71,ot,C,F,3
71.1,71,1,C,F,1
72.1.N.BF.M1,72,1,N,BF,1
72.1.N.BF.M3,72,3,N,BF,1
72.1.N.F.M12,72,12,N,F,1
73.1.C.B.M1,73,1,C,B,1
73.1.C.BF.M3,73,3,C,BF,1
73.1.C.F.M7,73,7,C,F,1
73.1.C.F.M12,73,12,C,F,1
75.0.N.F.M1,75,1,N,F,0
75.0.N.F.M3,75,3,N,F,0
75.0.N.F.M7,75,7,N,F,0
75.0.N.F.M12,75,12,N,F,0
75.0.N.F.M24,75,24,N,F,0
75.9,75,9,N,F,9
75.1,75,ot,N,F,1
75.5,75,5,N,F,5
75.12,75,ot,N,F,12
75.7,75,ot,N,F,7
75.3,75,ot,N,F,3
76.0.N.F.M1,76,1,N,F,0
76.0.N.F.M3,76,3,N,F,0
76.0.N.F.M7,76,7,N,F,0
76.0.N.F.M12,76,12,N,F,0
76.0.N.F.M24,76,24,N,F,0
76.3,76,ot,N,F,3
76.7,76,ot,N,F,7
76.9,76,9,N,F,9
76.5,76,5,N,F,5
76.1,76,ot,N,F,1
77.0.N.BF.M1,77,1,N,BF,0
77.0.N.B.M3,77,3,N,B,0
77.0.N.BF.M7,77,7,N,BF,0
77.0.N.F.M12,77,12,N,F,0
77.0.N.F.M24,77,24,N,F,0
78.1.N.B.M1,78,1,N,B,1
78.1.N.B.M3,78,3,N,B,1
78.1.N.F.M12,78,12,N,F,1
78.1.N.F.M24,78,24,N,F,1
79.0.C.B.M1,79,1,C,B,0
79.0.C.B.M3,79,3,C,B,0
79.0.C.F.M12,79,12,C,F,0
79.0.C.F.M24,79,24,C,F,0
80.1.C.B.M1,80,1,C,B,1
80.1.C.B.M3,80,3,C,B,1
80.1.C.B.M7,80,7,C,B,1
80.1.C.B.M12,80,12,C,B,1
80.1.C.B.M24,80,24,C,B,1
80.7,80,ot,C,B,7
80.12,80,ot,C,B,12
80.1,80,ot,C,B,1
80.3,80,ot,C,B,3
80.9,80,9,C,B,9
81.1.C.BF.M1,81,1,C,BF,1
81.1.C.F.M3,81,3,C,F,1
81.1.C.F.M7,81,7,C,F,1
81.1.C.F.M12,81,12,C,F,1
81.1.C.F.M24,81,24,C,F,1
82.0.N.B.M1,82,1,N,B,0
82.0.N.B.M3,82,3,N,B,0
82.0.N.B.M7,82,7,N,B,0
82.0.N.BF.M12,82,12,N,BF,0
82.0.N.BF.M24,82,24,N,BF,0
82.12,82,ot,N,BF,12
82.9,82,9,N,BF,9
82.1,82,ot,N,B,1
82.3,82,ot,N,B,3
82.5,82,5,N,B,5
82.7,82,ot,N,B,7
84.1.N.B.M1,84,1,N,B,1
84.1.N.B.M3,84,3,N,B,1
84.1.N.BF.M7,84,7,N,BF,1
84.1.N.F.M12,84,12,N,F,1
84.1.N.F.M24,84,24,N,F,1
85.1.N.B.M3,85,3,N,B,1
85.1.N.BF.M7,85,7,N,BF,1
85.1.N.F.M12,85,12,N,F,1
85.1.N.F.M24,85,24,N,F,1
86.0.N.F.M1,86,1,N,F,0
86.0.N.F.M3,86,3,N,F,0
86.0.N.F.M7,86,7,N,F,0
86.0.N.F.M12,86,12,N,F,0
86.0.N.F.M24,86,24,N,F,0
86.1,86,ot,N,F,1
86.5,86,5,N,F,5
86.12,86,ot,N,F,12
86.9,86,9,N,F,9
86.3,86,ot,N,F,3
86.7,86,ot,N,F,7
87.0.C.BF.M1,87,1,C,BF,0
87.0.C.BF.M3,87,3,C,BF,0
87.0.C.F.M7,87,7,C,F,0
87.0.C.F.M12,87,12,C,F,0
87.0.C.F.M24,87,24,C,F,0
88.0.N.B.M1,88,1,N,B,0
88.0.N.B.M3,88,3,N,B,0
88.0.N.B.M7,88,7,N,B,0
88.0.N.B.M12,88,12,N,B,0
88.7,88,ot,N,B,7
88.3,88,ot,N,B,3
88.5,88,5,N,B,5
88.12,88,ot,N,B,12
88.9,88,9,N,B,9
88.1,88,ot,N,B,1
89.1.C.B.M1,89,1,C,B,1
89.1.C.B.M3,89,3,C,B,1
89.1.C.F.M7,89,7,C,F,1
89.1.C.F.M12,89,12,C,F,1
90.1.N.B.M1,90,1,N,B,1
90.1.N.B.M3,90,3,N,B,1
90.1.N.B.M7,90,7,N,B,1
90.1.N.F.M12,90,12,N,F,1
90.1.N.F.M24,90,24,N,F,1
90.7,90,ot,N,B,7
90.5,90,5,N,B,5
90.1,90,ot,N,B,1
90.12,90,ot,N,F,12
90.3,90,ot,N,B,3
91.0.C.B.M1,91,1,C,B,0
91.0.C.B.M3,91,3,C,B,0
91.0.C.F.M7,91,7,C,F,0
91.0.C.F.M12,91,12,C,F,0
92.1.C.B.M3,92,3,C,B,1
92.1.C.B.M7,92,7,C,B,1
92.1.C.B.M12,92,12,C,B,1
92.12,92,ot,C,B,12
92.5,92,5,C,B,5
92.7,92,ot,C,B,7
92.3,92,ot,C,B,3
93.0.C.B.M1,93,1,C,B,0
93.0.C.B.M3,93,3,C,B,0
93.0.C.B.M12,93,12,C,B,0
93.0.C.B.M24,93,24,C,B,0
94.0.C.BF.M3,94,3,C,BF,0
94.0.C.F.M7,94,7,C,F,0
94.0.C.F.M12,94,12,C,F,0
95.0.N.B.M1,95,1,N,B,0
95.0.N.B.M3,95,3,N,B,0
95.0.N.B.M7,95,7,N,B,0
95.0.N.B.M12,95,12,N,B,0
95.3,95,ot,N,B,3
95.12,95,ot,N,B,12
95.5,95,5,N,B,5
95.7,95,ot,N,B,7
95.1,95,ot,N,B,1
98.0.C.BF.M1,98,1,C,BF,0
98.0.N.BF.M3,98,3,N,BF,0
98.0.N.F.M12,98,12,N,F,0
98.0.N.F.M24,98,24,N,F,0
99.0.N.B.M1,99,1,N,B,0
99.0.N.BF.M3,99,3,N,BF,0
99.0.N.F.M7,99,7,N,F,0
99.0.N.F.M12,99,12,N,F,0
99.0.N.F.M24,99,24,N,F,0
100.1.C.B.M1,100,1,C,B,1
100.1.C.B.M3,100,3,C,B,1
100.1.C.B.M7,100,7,C,B,1
100.1.C.B.M12,100,12,C,B,1
100.1.C.B.M24,100,24,C,B,1
100.3,100,ot,C,B,3
100.5,100,5,C,B,5
100.9,100,9,C,B,9
100.1,100,ot,C,B,1
100.12,100,ot,C,B,12
100.7,100,ot,C,B,7
101.1.N.B.M1,101,1,N,B,1
101.1.N.B.M3,101,3,N,B,1
101.1.N.F.M7,101,7,N,F,1
101.1.N.F.M12,101,12,N,F,1
101.1.N.F.M24,101,24,N,F,1
102.1.C.F.M1,102,1,C,F,1
102.1.C.F.M3,102,3,C,F,1
102.1.C.F.M7,102,7,C,F,1
102.1.C.F.M12,102,12,C,F,1
102.1.C.F.M24,102,24,C,F,1
102.1,102,ot,C,F,1
102.3,102,ot,C,F,3
102.7,102,ot,C,F,7
102.5,102,5,C,F,5
102.12,102,ot,C,F,12
102.9,102,9,C,F,9
103.1.C.BF.M1,103,1,C,BF,1
103.1.C.F.M3,103,3,C,F,1
103.1.C.F.M7,103,7,C,F,1
103.1.C.F.M12,103,12,C,F,1
104.0.C.BF.M1,104,1,C,BF,0
104.0.C.BF.M3,104,3,C,BF,0
104.0.C.F.M7,104,7,C,F,0
104.0.C.F.M12,104,12,C,F,0
105.1.C.F.M1,105,1,C,F,1
105.1.C.F.M3,105,3,C,F,1
105.1.C.F.M7,105,7,C,F,1
105.1.C.F.M12,105,12,C,F,1
105.1.C.F.M24,105,24,C,F,1
105.1,105,ot,C,F,1
105.7,105,ot,C,F,7
105.3,105,ot,C,F,3
105.12,105,ot,C,F,12
105.9,105,9,C,F,9
105.5,105,5,C,F,5
106.1.N.F.M1,106,1,N,F,1
106.1.N.F.M3,106,3,N,F,1
106.1.N.F.M12,106,12,N,F,1
106.1.N.F.M24,106,24,N,F,1
106.12,106,ot,N,F,12
106.3,106,ot,N,F,3
106.7,106,ot,N,F,7
106.1,106,ot,N,F,1
106.5,106,5,N,F,5
106.9,106,9,N,F,9
107.0.C.B.M1,107,1,C,B,0
107.0.C.B.M3,107,3,C,B,0
107.0.C.B.M7,107,7,C,B,0
107.0.C.BF.M12,107,12,C,BF,0
107.0.C.BF.M24,107,24,C,BF,0
107.3,107,ot,C,B,3
107.1,107,ot,C,B,1
107.9,107,9,C,BF,9
107.7,107,ot,C,B,7
107.5,107,5,C,B,5
107.12,107,ot,C,BF,12
108.1.N.B.M3,108,3,N,B,1
108.1.N.F.M7,108,7,N,F,1
108.1.N.F.M12,108,12,N,F,1
108.1.N.F.M24,108,24,N,F,1
109.0.C.BF.M1,109,1,C,BF,0
109.0.C.BF.M3,109,3,C,BF,0
109.0.C.BF.M7,109,7,C,BF,0
109.0.C.F.M12,109,12,C,F,0
109.0.C.F.M24,109,24,C,F,0
113.1.C.B.M1,113,1,C,B,1
113.1.C.B.M3,113,3,C,B,1
113.1.C.BF.M7,113,7,C,BF,1
113.1.C.F.M12,113,12,C,F,1
114.1.N.F.M1,114,1,N,F,1
114.1.N.F.M3,114,3,N,F,1
114.1.N.F.M7,114,7,N,F,1
114.1.N.F.M12,114,12,N,F,1
114.1.N.F.M24,114,24,N,F,1
114.1,114,ot,N,F,1
114.5,114,5,N,F,5
114.9,114,9,N,F,9
114.7,114,ot,N,F,7
114.12,114,ot,N,F,12
114.3,114,ot,N,F,3
115.1.N.B.M1,115,1,N,B,1
115.1.N.B.M3,115,3,N,B,1
115.1.N.B.M7,115,7,N,B,1
115.1.N.B.M24,115,24,N,B,1
115.9,115,9,N,B,9
115.3,115,ot,N,B,3
115.7,115,ot,N,B,7
115.5,115,5,N,B,5
115.1,115,ot,N,B,1
118.0.N.B.M1,118,1,N,B,0
118.0.N.BF.M3,118,3,N,BF,0
118.0.N.F.M7,118,7,N,F,0
118.0.N.F.M12,118,12,N,F,0
119.0.C.B.M1,119,1,C,B,0
119.0.C.BF.M3,119,3,C,BF,0
119.0.C.F.M7,119,7,C,F,0
119.0.C.F.M12,119,12,C,F,0
119.0.C.F.M24,119,24,C,F,0
120.1.C.BF.M1,120,1,C,BF,1
120.1.C.BF.M3,120,3,C,BF,1
120.1.C.BF.M7,120,7,C,BF,1
120.1.C.F.M12,120,12,C,F,1
120.1.C.F.M24,120,24,C,F,1
121.1.C.BF.M1,121,1,C,BF,1
121.1.C.BF.M3,121,3,C,BF,1
121.1.C.F.M7,121,7,C,F,1
121.1.C.F.M12,121,12,C,F,1
121.1.C.F.M24,121,24,C,F,1
123.0.C.B.M1,123,1,C,B,0
123.0.C.BF.M3,123,3,C,BF,0
123.0.C.F.M7,123,7,C,F,0
123.0.C.F.M12,123,12,C,F,0
123.0.C.F.M24,123,24,C,F,0
124.1.C.B.M1,124,1,C,B,1
124.1.C.B.M3,124,3,C,B,1
124.1.C.B.M7,124,7,C,B,1
124.1.C.F.M12,124,12,C,F,1
125.1.C.B.M1,125,1,C,B,1
125.1.C.B.M3,125,3,C,B,1
125.1.C.B.M7,125,7,C,B,1
125.1.C.B.M12,125,12,C,B,1
126.0.C.B.M1,126,1,C,B,0
126.0.C.B.M3,126,3,C,B,0
126.0.C.B.M7,126,7,C,B,0
126.0.C.B.M12,126,12,C,B,0
126.5,126,5,C,B,5
126.9,126,9,C,B,9
126.1,126,ot,C,B,1
126.7,126,ot,C,B,7
126.3,126,ot,C,B,3
126.12,126,ot,C,B,12
127.0.C.F.M1,127,1,C,F,0
127.0.C.F.M3,127,3,C,F,0
127.0.C.F.M7,127,7,C,F,0
127.0.C.F.M12,127,12,C,F,0
127.3,127,ot,C,F,3
127.1,127,ot,C,F,1
127.5,127,5,C,F,5
127.12,127,ot,C,F,12
127.9,127,9,C,F,9
127.7,127,ot,C,F,7
128.0.C.BF.M3,128,3,C,BF,0
128.0.C.F.M7,128,7,C,F,0
128.0.C.F.M12,128,12,C,F,0
129.0.C.BF.M1,129,1,C,BF,0
129.0.C.BF.M3,129,3,C,BF,0
129.0.C.F.M7,129,7,C,F,0
129.0.C.F.M12,129,12,C,F,0
129.0.C.F.M24,129,24,C,F,0
130.1.C.F.M3,130,3,C,F,1
130.1.C.F.M7,130,7,C,F,1
130.1.C.F.M12,130,12,C,F,1
MSC16001,MSC16001,MM,,,
MSC16002,MSC16002,MM,,,
MSC16003,MSC16003,MM,,,
MSC16004,MSC16004,MM,,,
MSC16005,MSC16005,MM,,,
MSC16006,MSC16006,MM,,,
MSC16007,MSC16007,MM,,,
MSC16008,MSC16008,MM,,,
MSC16009,MSC16009,MM,,,
MSC16010,MSC16010,MM,,,
MSC16011,MSC16011,MM,,,
MSC16012,MSC16012,MM,,,
MSC16013,MSC16013,MM,,,
MSC16014,MSC16014,MM,,,
MSC16015,MSC16015,MM,,,
MSC16016,MSC16016,MM,,,
MSC16017,MSC16017,MM,,,
MSC16018,MSC16018,MM,,,
MSC16019,MSC16019,MM,,,
MSC16020,MSC16020,MM,,,
MSC16021,MSC16021,MM,,,
MSC16022,MSC16022,MM,,,
MSC16023,MSC16023,MM,,,
MSC16024,MSC16024,MM,,,
MSC16025,MSC16025,MM,,,
MSC16026,MSC16026,MM,,,
MSC16027,MSC16027,MM,,,
MSC16028,MSC16028,MM,,,
MSC16029,MSC16029,MM,,,
MSC16030,MSC16030,MM,,,
MSC16031,MSC16031,MM,,,
MSC16032,MSC16032,MM,,,
MSC16033,MSC16033,MM,,,
MSC16034,MSC16034,MM,,,
MSC16035,MSC16035,MM,,,
MSC16036,MSC16036,MM,,,
MSC16037,MSC16037,MM,,,
MSC16038,MSC16038,MM,,,
MSC16039,MSC16039,MM,,,
MSC16040,MSC16040,MM,,,
MSC16041,MSC16041,MM,,,
MSC16042,MSC16042,MM,,,
MSC16043,MSC16043,MM,,,
MSC16044,MSC16044,MM,,,
MSC16045,MSC16045,MM,,,
MSC16046,MSC16046,MM,,,
MSC16047,MSC16047,MM,,,
MSC16048,MSC16048,MM,,,
MSC16049,MSC16049,MM,,,
MSC16050,MSC16050,MM,,,
MSC16051,MSC16051,MM,,,
MSC16052,MSC16052,MM,,,
MSC16053,MSC16053,MM,,,
MSC16054,MSC16054,MM,,,
MSC16055,MSC16055,MM,,,
MSC16056,MSC16056,MM,,,
MSC16057,MSC16057,MM,,,
MSC16058,MSC16058,MM,,,
MSC16059,MSC16059,MM,,,
MSC16060,MSC16060,MM,,,
MSC16061,MSC16061,MM,,,
MSC16062,MSC16062,MM,,,
MSC16063,MSC16063,MM,,,
MSC17001,MSC17001,MM,,,
MSC17002,MSC17002,MM,,,
MSC17003,MSC17003,MM,,,
MSC17004,MSC17004,MM,,,
MSC17005,MSC17005,MM,,,
MSC17006,MSC17006,MM,,,
MSC17007,MSC17007,MM,,,
MSC17008,MSC17008,MM,,,
MSC17009,MSC17009,MM,,,
MSC17010,MSC17010,MM,,,
MSC17011,MSC17011,MM,,,
MSC17012,MSC17012,MM,,,
MSC17013,MSC17013,MM,,,
MSC17014,MSC17014,MM,,,
MSC17015,MSC17015,MM,,,
MSC17016,MSC17016,MM,,,
MSC17017,MSC17017,MM,,,
MSC17018,MSC17018,MM,,,
MSC17019,MSC17019,MM,,,
MSC17020,MSC17020,MM,,,
MSC17021,MSC17021,MM,,,
MSC17022,MSC17022,MM,,,
MSC17023,MSC17023,MM,,,
MSC17024,MSC17024,MM,,,
MSC17025,MSC17025,MM,,,
MSC17026,MSC17026,MM,,,
MSC17027,MSC17027,MM,,,
MSC17028,MSC17028,MM,,,
MSC17029,MSC17029,MM,,,
MSC17030,MSC17030,MM,,,
MSC17031,MSC17031,MM,,,
MSC17032,MSC17032,MM,,,
MSC17033,MSC17033,MM,,,
MSC17034,MSC17034,MM,,,
MSC17035,MSC17035,MM,,,
MSC17036,MSC17036,MM,,,
MSC17037,MSC17037,MM,,,
MSC17038,MSC17038,MM,,,
MSC17039,MSC17039,MM,,,
MSC17040,MSC17040,MM,,,
MSC17041,MSC17041,MM,,,
MSC17042,MSC17042,MM,,,
MSC17043,MSC17043,MM,,,
MSC17044,MSC17044,MM,,,
MSC17045,MSC17045,MM,,,
MSC17046,MSC17046,MM,,,
MSC17047,MSC17047,MM,,,
MSC17048,MSC17048,MM,,,
MSC17049,MSC17049,MM,,,
MSC17050,MSC17050,MM,,,
MSC17051,MSC17051,MM,,,
MSC17052,MSC17052,MM,,,
MSC17053,MSC17053,MM,,,
MSC17054,MSC17054,MM,,,
MSC17055,MSC17055,MM,,,
MSC17056,MSC17056,MM,,,
MSC17057,MSC17057,MM,,,
MSC17058,MSC17058,MM,,,
MSC17059,MSC17059,MM,,,
MSC17060,MSC17060,MM,,,
MSC17061,MSC17061,MM,,,
MSC17062,MSC17062,MM,,,
MSC18001,MSC18001,MM,,,
MSC18002,MSC18002,MM,,,
MSC18003,MSC18003,MM,,,
MSC18004,MSC18004,MM,,,
MSC18005,MSC18005,MM,,,
MSC18006,MSC18006,MM,,,
MSC18007,MSC18007,MM,,,
MSC18008,MSC18008,MM,,,
MSC18009,MSC18009,MM,,,
MSC18010,MSC18010,MM,,,
MSC18011,MSC18011,MM,,,
MSC18012,MSC18012,MM,,,
MSC18013,MSC18013,MM,,,
MSC18014,MSC18014,MM,,,
MSC18015,MSC18015,MM,,,
MSC18016,MSC18016,MM,,,
MSC18017,MSC18017,MM,,,
MSC18018,MSC18018,MM,,,
MSC18019,MSC18019,MM,,,
MSC18020,MSC18020,MM,,,
MSC18021,MSC18021,MM,,,
MSC18022,MSC18022,MM,,,
MSC18023,MSC18023,MM,,,
MSC18024,MSC18024,MM,,,
MSC18025,MSC18025,MM,,,
MSC18026,MSC18026,MM,,,
MSC18027,MSC18027,MM,,,
MSC18028,MSC18028,MM,,,
MSC18029,MSC18029,MM,,,
MSC18030,MSC18030,MM,,,
MSC18031,MSC18031,MM,,,
MSC18032,MSC18032,MM,,,
MSC18033,MSC18033,MM,,,
MSC18034,MSC18034,MM,,,
MSC18035,MSC18035,MM,,,
MSC18036,MSC18036,MM,,,
MSC18037,MSC18037,MM,,,
MSC18038,MSC18038,MM,,,
MSC18039,MSC18039,MM,,,
MSC18040,MSC18040,MM,,,
MSC18041,MSC18041,MM,,,
MSC18042,MSC18042,MM,,,
MSC18043,MSC18043,MM,,,
MSC18044,MSC18044,MM,,,
MSC18045,MSC18045,MM,,,
MSC18046,MSC18046,MM,,,
MSC19001,MSC19001,MM,,,
MSC19002,MSC19002,MM,,,
MSC19003,MSC19003,MM,,,
MSC19004,MSC19004,MM,,,
MSC19005,MSC19005,MM,,,
MSC19006,MSC19006,MM,,,
MSC19007,MSC19007,MM,,,
MSC19008,MSC19008,MM,,,
MSC19009,MSC19009,MM,,,
MSC19010,MSC19010,MM,,,
MSC19011,MSC19011,MM,,,
MSC19012,MSC19012,MM,,,
MSC19013,MSC19013,MM,,,
MSC19014,MSC19014,MM,,,
MSC19015,MSC19015,MM,,,
MSC19016,MSC19016,MM,,,
MSC19017,MSC19017,MM,,,
MSC19018,MSC19018,MM,,,
MSC19019,MSC19019,MM,,,
MSC19020,MSC19020,MM,,,
MSC19021,MSC19021,MM,,,
MSC19022,MSC19022,MM,,,
MSC19023,MSC19023,MM,,,
MSC19024,MSC19024,MM,,,
MSC19025,MSC19025,MM,,,
MSC19026,MSC19026,MM,,,
MSC19027,MSC19027,MM,,,
MSC19028,MSC19028,MM,,,
MSC19029,MSC19029,MM,,,
MSC19030,MSC19030,MM,,,
MSC19031,MSC19031,MM,,,
MSC19032,MSC19032,MM,,,
MSC19033,MSC19033,MM,,,
MSC19034,MSC19034,MM,,,
MSC19035,MSC19035,MM,,,
MSC19036,MSC19036,MM,,,
MSC19037,MSC19037,MM,,,
MSC19038,MSC19038,MM,,,
MSC19039,MSC19039,MM,,,
MSC19040,MSC19040,MM,,,
MSC19041,MSC19041,MM,,,
MSC19042,MSC19042,MM,,,
MSC19043,MSC19043,MM,,,
MSC19044,MSC19044,MM,,,
MSC19045,MSC19045,MM,,,
